IntegrationTime,velocity_scaled0,velocity_scaled1,velocity_scaled2,Points0,Points1,Points2
0.0,0.65082675,-0.26108986,0.044620886,3652.483,8792.29,11810.49
42.69476,2.4012852,-0.39414182,1.7191373,3677.0444,8784.522,11825.865
0.0,0.6871859,-0.14911507,-0.7691927,3607.046,8757.113,11835.999
28.786106,1.9769291,0.4865424,-0.70975286,3632.092,8757.957,11819.507
42.700188,4.4706106,0.9520765,1.5164027,3661.2695,8764.927,11819.826
48.929634,11.466517,-0.6964719,6.862813,3686.9568,8765.971,11835.288
51.171535,22.332338,-3.9984238,16.225319,3712.0986,8763.627,11851.486
52.2471,26.598238,-6.5087495,17.18117,3737.5007,8758.206,11866.498
53.17512,-389.97128,-140.42535,-35.592407,3751.6973,8742.59,11887.819
53.247234,-518.135,-318.21732,185.98915,3726.237,8727.646,11893.155
53.294415,-577.8898,-436.644,453.02365,3703.6487,8712.419,11905.721
53.329533,-251.50128,-400.897,595.82025,3687.197,8697.167,11925.639
53.368958,-172.1415,-983.209,1496.3623,3684.5369,8681.43,11951.041
53.38564,-2171.706,-1920.2198,1906.1057,3674.2795,8660.794,11970.248
53.394283,-1777.5929,-1419.6604,1293.3956,3652.7927,8644.926,11983.905
53.40575,-1945.0806,-1478.2875,1129.4252,3632.1807,8627.036,11996.359
53.416893,-1784.7056,-1151.1582,1105.7487,3609.767,8611.678,12009.078
53.429424,-1748.2585,-1116.265,798.9313,3586.6296,8596.498,12020.664
53.44292,-1938.2974,-1191.9858,877.32635,3563.1057,8581.31,12031.431
0.0,0.03682167,-0.06788192,-0.023757888,3574.8867,8768.648,11884.013
0.0,0.6071096,1.347528,-2.9772112,3619.3784,8796.692,11865.743
9.025587,1.5474054,-0.0719255,-1.1739268,3631.9065,8801.274,11838.872
24.460535,3.5997512,-0.52789724,0.8057433,3660.2031,8795.144,11831.017
32.51119,7.806282,-1.2102201,4.8950214,3686.425,8791.003,11844.99
35.739346,10.879314,-3.3008358,9.853194,3711.671,8785.302,11860.16
0.0,0.5863228,-0.22554527,-0.38449314,3606.8867,8758.8955,11825.119
40.731403,1.6783936,0.36946827,-0.36422268,3635.1855,8756.576,11815.435
57.808395,3.766925,0.81276286,1.5860814,3664.124,8763.91,11818.3955
65.007385,10.1212015,-0.8391067,6.2905025,3689.2874,8764.327,11834.725
67.51863,21.742933,-3.8819726,16.197313,3713.8875,8761.345,11851.634
68.613945,22.897354,-6.4633737,14.937897,3739.4285,8756.091,11866.468
0.0,25.962643,10.784633,-3.9670045,3661.6758,8760.617,11846.561
1.0566366,61.66358,3.4222736,24.272018,3690.3552,8765.226,11854.062
1.5087372,103.38386,-16.73707,62.144913,3716.3455,8762.752,11868.839
1.7550832,-66.38113,-72.79217,53.840347,3739.3442,8755.647,11886.744
2.0223029,-241.82892,-195.05774,151.26035,3714.7253,8740.584,11894.93
2.1091197,-256.6647,-152.20985,137.00832,3692.7217,8724.683,11907.696
2.2004845,-68.167015,53.61352,-79.63895,3666.0027,8714.013,11916.196
2.4552758,-42.007843,56.272247,-86.99346,3654.0503,8728.509,11892.808
2.7236137,1.6567453,22.563702,-35.120747,3646.4067,8743.6,11868.031
3.4417093,24.894733,11.241044,-5.42363,3660.0466,8760.237,11847.124
4.5189767,59.407288,4.0123825,22.34759,3688.8591,8765.528,11853.594
4.9906874,103.5599,-16.233202,62.0878,3714.947,8763.229,11868.227
5.236928,-34.88122,-62.739037,57.193764,3738.4663,8756.598,11885.63
5.563788,-137.89897,-137.43668,118.45222,3712.9834,8742.346,11892.524
5.695428,-208.58951,-103.51546,87.153824,3690.9824,8726.466,11905.321
5.8160853,-25.185562,82.71302,-117.73059,3665.3694,8734.213,11891.759
6.021467,53.617275,40.031773,-33.35248,3669.4612,8752.404,11868.257
6.4227266,120.80562,6.035612,42.41675,3698.314,8760.457,11869.887
6.656776,51.655605,-62.393185,93.6272,3724.1892,8756.761,11884.611
6.899096,-28.748386,-39.427338,42.6731,3699.3853,8741.98,11892.753
7.361897,-61.711285,78.79329,-116.80598,3674.0388,8728.793,11901.899
7.5569315,45.79759,60.236454,-63.294224,3671.4011,8746.502,11877.828
7.861034,126.56726,8.659828,40.533016,3698.461,8758.497,11872.941
8.086291,-21.781832,-93.082184,102.136055,3723.8386,8754.045,11888.309
8.300738,-143.49222,-106.677925,86.9614,3700.231,8738.511,11898.377
8.451623,-73.33164,79.56421,-120.72867,3673.1426,8727.294,11904.733
8.636669,27.876211,65.74651,-77.69614,3667.7422,8744.43,11880.709
8.920951,109.66925,18.622782,21.424173,3690.6,8759.921,11868.98
9.185773,106.596756,-39.759026,88.806526,3717.6924,8758.45,11881.78
9.393635,-119.67275,-93.73141,78.240906,3700.2751,8739.649,11897.374
9.56911,-68.06097,80.68337,-120.78194,3673.1875,8728.428,11903.725
9.756134,35.652966,63.738567,-71.4729,3668.9824,8745.883,11879.689
10.049715,117.72968,14.451465,29.852661,3694.0068,8759.944,11870.97
10.294989,70.98195,-57.358665,95.931046,3720.577,8757.368,11884.659
10.521565,-34.84677,-32.88156,32.64943,3696.8938,8741.7295,11894.383
11.0390005,-29.26046,89.22695,-123.989365,3667.7085,8734.804,11894.881
11.231884,60.83315,45.32023,-36.373238,3671.5986,8753.392,11871.657
11.588481,130.57701,2.4861815,49.19921,3700.557,8760.913,11873.857
11.803442,-48.84433,-102.92447,104.588745,3725.211,8755.467,11890.061
11.997422,-189.42067,-146.09372,116.747055,3701.8335,8739.787,11900.436
12.1101265,-108.68268,43.192867,-77.42148,3677.2336,8725.738,11910.309
12.324022,9.2904825,77.86844,-97.689545,3667.5903,8741.904,11886.948
12.563501,97.93878,27.706823,3.8723955,3684.2905,8759.854,11869.659
12.858034,127.38591,-25.705217,80.67701,3712.2678,8760.341,11880.478
13.054164,-504.34747,-351.48718,247.09908,3714.6118,8741.636,11903.815
13.099444,-451.28912,-397.30188,359.5397,3693.1516,8725.165,11916.784
13.142267,-104.12582,-253.37318,279.42044,3676.6465,8707.166,11934.209
13.218934,-209.29079,-968.2325,1469.0677,3679.446,8689.044,11957.952
13.235866,-2894.1572,-2592.001,2212.9827,3671.3767,8669.481,11979.218
13.242576,-2400.0671,-1938.6808,1713.8314,3649.9346,8653.727,11993.074
13.251076,-2595.5623,-1806.8866,1587.4224,3629.1697,8637.036,12006.866
13.259554,-2238.4438,-1460.7507,1292.411,3605.8804,8622.922,12019.453
13.269658,-2750.8582,-1640.8268,1253.8313,3582.6697,8608.239,12031.523
13.278379,-2660.9006,-1560.7009,1072.8727,3558.746,8593.663,12042.255
13.287565,-2063.0813,-1474.795,861.4225,3535.0608,8578.236,12052.306
13.298766,-1755.2286,-1217.3368,551.34784,3511.2417,8562.038,12060.689
13.312366,-1543.9849,-1183.3022,457.31442,3487.6096,8545.068,12068.008
13.327378,-1485.1377,-1378.851,97.66981,3464.7769,8526.472,12073.737
13.342164,-1161.05,-1434.5804,-188.44174,3444.2356,8504.626,12072.834
13.3583355,-1242.2421,-1919.3304,-603.9103,3427.067,8480.541,12067.821
13.371022,-1012.9429,-1670.6232,-730.05865,3412.0132,8457.412,12056.054
13.3854065,-1072.2836,-2001.5074,-969.7982,3398.1013,8432.894,12045.792
13.397556,-1301.835,-2505.174,-1263.612,3385.1274,8408.097,12034.985
13.407255,-1403.6393,-3381.0188,-1564.7103,3373.9517,8382.588,12023.832
13.414791,-2178.6772,-3441.681,-2159.1826,3360.3608,8358.726,12011.755
13.421298,-2798.419,-3927.0066,-2509.008,3346.6946,8335.7295,11998.173
13.426817,-3183.2334,-4495.058,-3294.3857,3331.054,8313.385,11985.68
13.431492,-4408.349,-5635.736,-4730.3027,3316.677,8291.402,11971.187
13.434989,-4768.4478,-5244.555,-4118.849,3300.8596,8271.8125,11954.876
13.438648,-3962.0117,-5255.722,-3805.406,3284.2961,8252.077,11939.508
13.442595,-3206.6853,-5206.569,-3514.202,3269.5154,8231.226,11923.801
13.446848,-4151.8877,-5398.7983,-3745.7969,3254.1895,8209.555,11909.818
13.450707,-4090.7024,-5799.031,-3248.3872,3237.868,8188.073,11896.697
13.454552,-4777.408,-5979.5244,-2712.7517,3222.1357,8165.5747,11884.601
13.458246,-3970.4946,-3946.821,-1327.4751,3201.965,8145.534,11875.034
0.0,-0.0038056152,-0.011597582,0.008108515,3581.7039,8791.119,11765.522
2047.2468,0.009112213,-0.0322568,0.04487831,3579.0977,8769.412,11786.065
2582.8247,0.043636464,-0.05235166,0.0706781,3585.1558,8752.559,11810.133
2888.3713,0.16911781,-0.078029834,0.06394638,3605.4653,8735.771,11824.476
3040.7153,1.0872973,0.43807584,-0.6162002,3635.4446,8736.147,11825.523
3063.3684,3.0392952,1.307638,0.55941,3662.5789,8747.956,11820.595
3072.3086,10.234055,0.76538336,5.710128,3688.213,8756.33,11833.739
3074.863,25.928537,-3.7218223,18.522379,3712.7861,8754.592,11850.86
3075.798,26.533802,-8.367133,17.868738,3738.2666,8750.986,11866.28
3076.7056,-23.55125,-50.277107,37.02749,3723.7695,8726.263,11875.144
3077.155,-59.046753,-6.7908916,13.389929,3701.3372,8710.114,11886.807
3077.6475,20.168015,29.923592,-42.822453,3681.4587,8726.012,11870.928
3078.183,83.043495,3.758343,28.359283,3708.0945,8738.569,11865.197
3078.5247,-172.39111,-134.84189,72.911865,3731.3682,8730.467,11882.306
3078.6548,-263.69785,-165.59636,157.69765,3708.0417,8715.063,11893.196
3078.7407,-120.96623,-15.8441515,52.614204,3685.0232,8703.622,11908.664
3078.9666,-36.377415,41.953907,-70.82879,3660.3003,8716.198,11897.235
3079.2998,-8.754971,19.868484,-41.87627,3649.4724,8728.987,11872.352
3079.9358,10.264733,8.400847,-9.970185,3652.5696,8742.123,11845.559
3081.744,34.23842,7.9499416,7.6694183,3679.8003,8754.53,11843.426
3082.5776,67.83978,-3.3248274,38.880787,3706.6228,8755.69,11856.8125
3082.961,63.9135,-21.944193,51.021954,3732.2805,8752.117,11871.943
3083.3152,-39.966324,-69.10375,68.874596,3713.646,8731.148,11882.576
3083.5999,-106.406555,-8.7907715,9.4263935,3691.1277,8716.279,11895.684
3083.8796,32.57934,49.639954,-64.41009,3676.9897,8732.077,11874.458
3084.2222,105.31013,9.74246,32.687344,3702.848,8745.244,11866.843
3084.4932,-67.24199,-99.94326,81.15925,3728.1953,8740.663,11882.222
3084.6997,-223.61835,-148.5377,131.22104,3705.363,8724.572,11893.166
3084.8,-103.95673,31.7587,-39.737278,3680.0764,8713.477,11904.892
3085.0593,-2.3740723,61.846394,-93.51968,3668.0874,8728.314,11881.737
3085.327,55.509758,26.691729,-12.7551775,3678.7761,8744.761,11859.038
3085.8037,111.54352,-0.8515752,48.22916,3707.3735,8749.626,11866.6875
3086.0505,-91.5483,-107.41404,78.78366,3731.4736,8743.443,11883.45
3086.2363,-220.39409,-161.96939,134.05751,3708.331,8727.446,11893.867
3086.3347,-148.58014,-24.855587,28.922056,3685.004,8714.083,11907.181
3086.5303,-15.393044,73.97473,-109.254745,3668.0608,8728.823,11887.29
3086.756,53.715652,33.750164,-25.994862,3674.1738,8745.958,11863.436
3087.1938,116.9918,3.8830595,45.08076,3703.0454,8753.009,11867.524
3087.4329,-15.031774,-82.37518,85.55906,3728.3062,8748.458,11883.055
3087.6836,-115.02393,-89.977936,79.663376,3704.1362,8733.1455,11892.073
3087.8638,-81.64268,58.72338,-87.50281,3677.9778,8721.986,11901.623
3088.0889,32.11467,59.614944,-73.480965,3672.4204,8738.7,11877.338
3088.3892,112.96142,14.301814,30.009342,3697.071,8752.897,11867.811
3088.6438,44.429905,-61.83132,87.554756,3723.5137,8750.273,11881.735
3088.9023,-40.013397,-31.555729,32.114727,3699.0967,8735.019,11890.166
3089.4004,-15.118992,79.02791,-112.2757,3669.2458,8732.214,11889.135
3089.6177,68.37856,36.76768,-22.00059,3677.0605,8750.181,11866.416
3089.9895,127.85962,-3.7418282,56.621784,3705.968,8755.281,11872.609
3090.2039,-216.84964,-167.95338,112.51952,3728.2048,8747.025,11890.977
3090.3052,-377.48007,-273.0224,217.68568,3705.5637,8730.971,11902.361
3090.3635,-213.53046,-129.64175,126.59309,3683.1953,8716.35,11915.996
3090.4705,-15.19494,18.118847,-30.662292,3653.4949,8715.432,11911.869
3091.2454,-11.675676,10.839841,-17.363192,3638.2346,8728.489,11889.584
3092.5183,-1.8026893,2.334037,-5.8306165,3624.751,8740.585,11865.67
3097.1099,2.3057704,1.275811,-2.521354,3627.536,8750.138,11837.368
3105.3354,6.3660717,2.0972118,0.05878931,3653.0193,8760.644,11825.526
3109.811,15.673156,0.7865803,7.887429,3680.5088,8765.593,11836.473
3111.5193,31.531956,-4.265256,20.855125,3706.5261,8764.698,11851.383
3112.3079,43.29284,-9.321143,27.942179,3731.557,8760.009,11867.241
3112.8806,-198.54034,-69.32327,-21.479914,3752.0457,8751.392,11887.39
3113.0227,-654.37994,-374.93253,199.44455,3728.8843,8734.301,11895.843
3113.061,-672.0679,-516.25275,478.32327,3705.8682,8718.9795,11907.482
3113.0918,-359.6368,-527.0745,685.6861,3688.5645,8702.759,11925.854
3113.124,-262.1633,-1178.7484,1746.3462,3684.479,8686.369,11950.646
3113.138,-3011.2812,-3141.232,2671.934,3677.2625,8666.611,11972.037
3113.1438,-3015.908,-2339.5166,2019.5673,3656.4182,8650.915,11986.841
3113.151,-3066.1624,-2324.636,1933.5934,3635.7786,8633.718,12000.192
3113.1577,-3230.735,-2000.2023,1707.669,3613.5168,8618.83,12013.711
3113.165,-3323.8909,-2024.9348,1582.203,3590.9795,8603.916,12026.735
3113.172,-3619.7305,-2124.627,1603.1952,3567.124,8589.495,12037.824
3113.179,-3261.4783,-2204.9077,1288.6082,3543.025,8574.654,12047.773
3113.186,-2916.7778,-2039.8379,939.0449,3519.2222,8558.423,12056.138
3113.1943,-2701.6758,-2094.4,862.9894,3495.8188,8541.327,12063.885
3113.2026,-2523.303,-2315.432,283.8945,3473.4204,8522.047,12069.042
3113.2114,-2262.479,-2686.0225,-416.84378,3452.6836,8500.368,12069.038
3113.22,-2190.384,-3167.9512,-1014.21155,3435.2544,8476.566,12063.588
3113.2275,-1992.9937,-3239.5132,-1360.2026,3419.1846,8453.157,12053.903
3113.2349,-1917.4591,-3685.1387,-1737.1326,3405.5894,8428.553,12043.425
3113.2415,-2674.377,-5321.907,-2726.2705,3393.0244,8403.932,12031.767
3113.246,-2359.577,-4836.902,-2411.5413,3381.4375,8379.161,12019.431
3113.2512,-3546.2952,-5557.0254,-2868.6438,3367.5232,8355.213,12007.903
3113.2554,-3905.0142,-5568.816,-3422.8782,3352.764,8332.767,11994.55
3113.2593,-4165.1016,-5852.636,-4402.6685,3337.7861,8310.719,11980.783
3113.263,-5371.254,-6615.3647,-5270.0264,3323.7434,8288.774,11965.908
3113.2659,-5437.799,-6524.9097,-4791.634,3307.2673,8269.519,11949.854
3113.269,-4612.339,-6441.533,-4500.087,3290.9639,8249.315,11934.819
3113.2722,-3718.0159,-5684.4287,-4174.526,3276.2014,8228.913,11918.515
3113.2761,-4937.8276,-6437.2417,-3948.3655,3261.2024,8206.898,11904.718
3113.2793,-5094.8755,-7241.7803,-4553.958,3245.4897,8184.649,11892.145
3113.2825,-5587.73,-7182.172,-3943.5615,3229.4805,8162.706,11879.408
3113.2854,-6051.233,-5715.674,-2456.9548,3209.783,8142.7266,11868.786
3113.2888,-12343.165,-6885.3726,-3105.4307,3188.0886,8122.901,11862.763
0.0,0.18146156,-0.25927743,-0.10583408,3598.6414,8770.152,11813.514
89.90182,0.8881145,-0.0067410525,-0.24738696,3621.4326,8750.992,11817.181
122.44151,2.0288107,0.5971505,0.21969393,3650.5046,8757.112,11813.015
136.55087,6.4103475,0.53214926,3.7767146,3676.7654,8764.109,11825.72
140.57277,16.26695,-1.813279,11.363612,3701.9854,8761.458,11841.749
142.07837,35.3892,-6.583005,20.614283,3725.4407,8757.018,11859.919
142.80159,-11.148518,-17.328138,8.3526745,3749.7102,8750.214,11876.1875
144.15091,-58.484962,-89.8599,72.51418,3724.7905,8734.036,11880.348
144.38269,-116.28141,-48.833385,50.901783,3701.6853,8718.607,11891.665
144.60327,-39.765415,66.87921,-101.58102,3671.7026,8719.032,11892.594
144.83772,21.565285,32.46523,-48.383617,3667.5457,8734.025,11866.943
145.32059,70.76553,14.268249,15.606382,3691.8699,8748.218,11856.6045
145.72678,101.91208,-16.755865,60.75779,3718.9104,8747.969,11869.595
145.97714,-479.7564,-292.0752,161.55301,3727.953,8729.933,11891.796
146.02847,-544.7388,-396.78696,392.55438,3705.078,8714.662,11903.777
146.06694,-267.0146,-350.3246,507.73853,3687.706,8699.35,11922.85
146.11157,-190.27876,-966.29614,1459.1896,3684.6704,8684.152,11948.537
146.12862,-2517.7402,-2560.6477,2288.9849,3677.0225,8664.274,11969.664
146.13565,-2363.3872,-1837.286,1609.9337,3656.1636,8648.662,11984.535
146.14449,-2520.8435,-1927.1145,1562.794,3635.4353,8631.27,11997.492
146.15297,-2544.8574,-1589.1814,1391.4253,3613.1846,8616.192,12010.817
146.16203,-2879.2947,-1760.8346,1354.7299,3590.5698,8601.084,12023.479
146.17029,-2921.6018,-1742.7036,1316.8851,3566.811,8586.118,12034.04
146.17851,-2191.9631,-1509.2784,785.95105,3542.5613,8571.351,12043.7295
146.18932,-2235.1438,-1598.2101,651.1659,3518.8037,8554.897,12051.782
146.19994,-1806.3253,-1460.8322,578.7998,3495.6765,8537.345,12059.335
146.21248,-1745.3373,-1670.2278,215.2726,3473.3496,8517.754,12063.542
146.22484,-1649.7832,-1953.0868,-398.12836,3452.971,8495.745,12062.967
146.23643,-1620.435,-2276.3948,-766.2734,3435.3687,8472.248,12056.798
146.2468,-1529.4279,-2561.3281,-1101.0204,3419.3357,8448.402,12048.176
146.25623,-1429.2706,-2822.5483,-1218.6487,3406.0608,8423.8125,12037.262
146.26508,-1437.8055,-2824.7458,-1432.3403,3393.554,8399.494,12024.926
146.2737,-1925.5897,-3370.5813,-1789.254,3381.3691,8374.904,12012.807
146.28072,-2967.467,-4546.098,-2368.2249,3366.678,8350.995,12002.198
146.28578,-3108.1877,-4615.8545,-2947.5,3351.2407,8328.534,11989.66
146.29054,-2751.6016,-4248.5396,-3205.3027,3335.988,8307.188,11975.109
146.29555,-4277.0054,-4989.058,-4074.3247,3321.2021,8285.782,11960.173
146.29944,-3854.9697,-4847.158,-3388.9478,3304.4482,8266.517,11944.42
146.30368,-3506.7112,-4990.5654,-3649.19,3288.6938,8245.871,11929.4
146.3079,-2678.2903,-4178.9204,-2853.9314,3273.798,8225.761,11912.856
146.31314,-3179.8516,-4160.1343,-2370.2053,3257.5562,8204.2,11899.768
146.31836,-3245.5278,-4524.17,-2843.748,3242.1643,8181.8076,11887.053
146.32317,-3866.069,-4616.4688,-2412.1072,3226.2153,8160.0366,11873.951
146.32779,-4045.3906,-3813.4849,-1473.7091,3205.9917,8139.9795,11864.532
146.33301,-10457.701,-4842.023,-2392.2156,3183.0488,8121.6006,11858.545
0.0,0.16592008,0.2833216,-1.8648504,3603.2053,8767.298,11856.906
15.843399,1.0163573,0.0335463,-1.1239254,3613.218,8768.16,11828.64
35.636364,2.0432622,0.26607153,-0.22133853,3639.68,8768.812,11814.5205
50.112564,4.9210343,0.2893658,2.5830657,3668.454,8771.971,11822.399
55.503113,6.8723135,-1.4292508,4.57861,3693.6768,8769.746,11838.488
59.08279,21.866285,-4.5479293,15.281684,3718.276,8765.853,11855.213
60.19136,17.897697,-4.2522817,13.19541,3743.3901,8759.524,11870.354
61.516502,105.286644,-13.107067,57.37272,3716.3267,8746.635,11869.168
61.76522,-467.32886,-279.57755,145.17618,3729.6965,8730.831,11890.882
61.81845,-521.9729,-373.32028,360.31027,3706.563,8715.584,11902.388
61.859215,-233.60612,-254.18428,365.72815,3686.5037,8701.817,11919.94
61.918865,-107.17262,-623.1813,938.19946,3681.7412,8686.464,11945.27
0.0,0.007131408,-0.15090375,-0.03172236,3576.2725,8780.635,11875.406
194.34232,0.10320136,-0.12945877,-0.18160191,3587.1238,8757.586,11859.563
316.42136,0.24220793,-0.13647518,-0.18799914,3604.143,8740.762,11841.472
405.8109,1.5285454,0.81198186,-1.5009727,3632.6353,8738.302,11832.408
418.90564,4.485313,1.9258618,0.24508734,3658.663,8749.898,11823.024
425.04382,13.954355,1.2576845,7.323985,3684.886,8757.84,11835.243
426.94138,30.857374,-3.8970237,21.94513,3710.2773,8756.857,11851.19
427.72952,34.688267,-8.953704,23.265488,3735.8237,8752.918,11866.417
428.43182,-386.1191,-203.91046,53.343773,3740.0337,8730.499,11885.902
428.5,-459.9572,-302.1551,253.27306,3715.5593,8715.568,11894.738
428.54953,-263.71927,-172.97415,264.508,3694.702,8701.149,11910.771
428.6224,-51.06935,-301.4499,527.242,3683.0435,8687.262,11934.672
428.67163,-920.0356,-1838.178,1754.8732,3681.7756,8671.009,11959.855
0.0,-0.025649387,-0.1404764,-0.84813714,3595.1997,8788.296,11851.294
34.8807,0.22730954,-0.26586518,-0.43138877,3599.243,8777.189,11823.721
88.897484,0.6400557,-0.14224803,-0.15427242,3619.2441,8758.861,11810.913
133.43584,1.3899376,0.29324797,0.19413589,3649.1646,8760.138,11809.143
154.36014,3.7742345,0.23826498,2.4597692,3675.6133,8766.187,11821.944
161.01006,4.258276,-0.72010946,3.4056542,3700.664,8763.311,11838.198
0.0,0.017654054,-0.13923976,-0.031326238,3576.191,8778.211,11876.889
208.61165,0.11491332,-0.14410374,-0.20393246,3588.329,8757.45,11858.954
317.7499,0.27121988,-0.1388087,-0.22770321,3605.562,8740.762,11840.939
396.6217,1.7199605,0.9026914,-1.5332584,3633.7976,8739.661,11830.863
408.74454,5.077913,2.081315,0.5389022,3660.4353,8751.312,11823.467
414.18494,13.73183,0.8739777,7.464282,3686.6475,8758.161,11836.352
416.10138,34.499958,-4.361778,23.847052,3711.8499,8756.839,11852.571
416.81287,33.000687,-9.356776,22.628717,3737.3755,8752.811,11867.81
417.5429,-31.293013,-70.621254,62.63416,3721.8638,8729.4375,11878.443
417.84457,-91.27162,-21.864454,27.609331,3698.752,8714.251,11890.072
418.15125,29.296307,48.980812,-65.77633,3677.454,8728.742,11874.696
418.49573,93.94485,11.714297,26.185932,3702.2354,8742.535,11864.917
418.80115,-25.811396,-77.26854,69.20205,3728.4656,8739.183,11879.085
419.0818,-173.73224,-113.21531,101.78359,3705.057,8723.231,11888.964
419.21167,-59.19211,63.77721,-85.33259,3677.1626,8715.86,11897.185
419.45782,21.207993,43.370064,-63.75542,3670.9077,8731.41,11872.303
419.83298,78.04728,16.465502,14.92028,3693.4407,8746.31,11859.255
420.20267,91.20773,-24.777225,64.23135,3720.6584,8745.893,11871.865
420.46518,-234.15712,-158.8013,132.75903,3710.506,8724.136,11889.854
420.5612,-127.10236,-8.7554245,16.450964,3686.0103,8712.338,11902.533
420.7947,-0.7345293,63.86482,-94.642525,3670.0288,8727.564,11882.217
421.05746,60.34202,26.802301,-10.270731,3681.5466,8744.045,11859.952
421.5064,113.67758,-4.2758794,51.695637,3710.0342,8748.096,11868.44
421.74652,-232.15796,-165.76706,89.63476,3732.0625,8739.334,11886.825
421.84683,-401.93152,-275.32617,236.07187,3709.3157,8723.252,11897.958
421.90225,-265.1304,-206.73744,260.27927,3687.7983,8708.992,11913.244
421.9728,-3.2037714,-22.794209,7.537328,3667.2476,8699.049,11932.707
0.0,0.46207044,-0.1782412,-0.41195664,3633.5574,8803.058,11818.115
46.569744,0.25669125,-0.14218548,0.05999707,3658.316,8791.974,11805.303
146.73306,1.5626006,-0.31681153,1.2758356,3680.1792,8783.3955,11823.968
0.0,1.0543945,4.6201825,-11.945982,3642.826,8730.793,11854.541
2.3343346,6.678234,3.7781045,-1.8038664,3657.0083,8744.126,11831.714
6.1404476,15.545509,2.3125129,7.148061,3684.4172,8754.26,11838.501
7.877994,45.71449,-4.129184,28.773943,3710.1946,8754.09,11853.847
8.4317665,43.40362,-12.774566,31.160318,3735.772,8750.611,11869.134
8.977851,30.02491,-31.209896,46.07508,3715.0127,8730.053,11875.946
9.452284,-39.32642,23.242382,-24.226145,3692.7417,8713.287,11887.032
10.032469,53.61156,21.695494,-5.604294,3693.457,8730.909,11862.765
10.548767,37.827488,-30.155605,42.444973,3722.018,8733.026,11871.696
11.0149145,-6.879739,15.701657,-14.178643,3698.552,8716.27,11879.977
12.363441,44.268402,-12.522021,27.169628,3720.322,8731.834,11866.419
12.924932,-59.3115,-29.77882,28.945425,3710.0828,8708.296,11881.947
13.339269,-20.000404,34.54973,-44.71655,3680.5996,8709.88,11887.261
13.839737,17.185087,12.676996,-19.16426,3680.7651,8726.157,11862.062
14.885279,71.069855,3.1068745,24.10338,3708.4854,8737.623,11862.4
15.284692,-89.39925,-90.92727,51.630436,3732.9482,8730.822,11878.379
15.502761,-247.92517,-154.4121,140.9597,3710.7227,8713.868,11889.269
15.595264,-112.7836,-10.545589,42.83434,3686.302,8703.928,11903.58
15.842985,-28.552784,49.681717,-85.24516,3666.386,8719.646,11887.571
16.135057,14.966029,19.891197,-32.84678,3662.6409,8733.231,11861.087
16.862974,47.04655,11.877864,8.851083,3686.454,8747.852,11850.17
17.471205,91.98308,-6.700026,47.09118,3713.44,8748.733,11863.246
17.760908,-68.78249,-83.72588,51.039627,3737.051,8742.111,11880.528
18.011377,-272.26038,-187.76974,149.07666,3713.5115,8725.913,11889.666
18.094074,-165.83855,-54.078224,68.30105,3689.671,8713.233,11902.737
18.254221,-33.327854,63.67414,-104.62493,3666.1855,8725.694,11888.839
18.490568,31.830519,31.512129,-36.876736,3666.5686,8741.682,11863.456
19.00765,86.33681,12.05027,24.600302,3693.9402,8753.41,11859.818
19.338854,107.494194,-26.099854,73.29766,3720.6274,8752.054,11873.455
19.564932,-403.40543,-275.4687,193.73036,3718.2083,8731.096,11894.783
19.62202,-335.47873,-230.06654,246.63509,3696.2722,8715.721,11908.29
19.685083,-37.553883,-55.431767,78.39838,3677.6555,8701.262,11926.847
19.976068,-154.19083,-851.8517,1312.3495,3682.2334,8684.059,11950.993
19.99515,-2215.8499,-1991.2815,1866.7477,3674.0037,8663.859,11971.591
20.003683,-1806.5381,-1429.9021,1301.2655,3652.4934,8648.222,11985.476
20.01502,-1992.0769,-1495.9751,1211.4185,3631.9558,8630.293,11997.996
20.02585,-1817.9462,-1159.6918,1051.3241,3609.4092,8615.415,12011.047
0.0,-0.7193674,1.5845057,-5.096546,3630.7395,8732.11,11858.285
5.5705786,2.773403,1.6630954,-2.2052665,3639.8093,8741.573,11831.3
13.235007,7.461534,2.5775802,1.949803,3666.6902,8754.1045,11826.784
16.924397,27.37927,0.5431153,15.132141,3693.2698,8757.733,11840.214
17.88325,44.168655,-6.073751,27.535387,3717.758,8755.129,11857.347
18.455748,20.327848,-17.910963,25.3558,3742.5356,8750.204,11873.527
19.264217,79.840744,-15.25217,47.107372,3714.912,8738.697,11871.396
19.583542,-185.95772,-111.74462,107.4992,3704.4927,8717.086,11889.407
19.707445,-57.124184,57.0106,-70.7405,3676.4937,8711.547,11898.647
19.986982,0.38967693,33.130066,-59.20293,3668.174,8726.591,11874.062
20.429176,44.128387,17.125963,-1.1199656,3683.4172,8741.622,11853.044
21.062778,90.53354,-3.2987251,40.759884,3711.4548,8744.781,11863.237
21.36477,-87.57741,-92.63757,53.31042,3735.3523,8738.207,11880.14
21.581879,-281.519,-189.3806,154.6859,3712.6785,8721.509,11890.486
21.662333,-167.40092,-55.627113,84.09998,3688.9768,8709.34,11904.275
21.815845,-43.77119,62.783348,-104.05765,3663.794,8721.548,11893.47
22.048092,10.464769,30.678083,-48.59018,3658.9368,8736.733,11868.057
22.561708,47.455284,15.242863,2.3387423,3678.0823,8752.536,11851.213
23.162933,96.76238,-2.2680109,47.33778,3705.901,8755.206,11862.122
23.441368,55.320717,-42.36802,68.76732,3731.471,8751.339,11877.328
23.747805,27.010588,-22.936169,40.6354,3705.7195,8736.753,11882.238
24.304232,-59.962418,46.016922,-63.284134,3683.7466,8720.607,11894.748
24.608553,62.50968,41.81721,-34.448483,3683.6567,8738.09,11870.368
24.971216,97.06632,-17.239697,58.45818,3712.6106,8744.364,11875.09
25.232964,-149.46803,-78.36284,74.077774,3702.3425,8723.6045,11894.158
25.395737,-70.580505,68.36819,-96.43522,3674.076,8716.609,11901.375
25.613634,4.6521635,50.168087,-77.85863,3665.3787,8731.624,11876.902
25.937124,56.038425,21.792004,-3.9335575,3679.7776,8747.9795,11856.283
26.435007,110.632675,-2.9073048,51.24704,3708.0244,8751.474,11865.765
26.68099,-45.99811,-87.64508,74.05666,3732.454,8745.823,11882.235
26.92367,-157.16156,-125.246414,107.319275,3708.4731,8730.285,11891.372
27.05535,-125.68707,-0.23258759,-7.459207,3684.3494,8717.329,11903.626
27.293617,7.4152155,64.54654,-91.38941,3670.648,8732.197,11881.463
27.561163,81.52317,25.104975,2.527812,3686.7659,8748.978,11862.525
27.912704,115.36317,-18.713572,68.325554,3714.6968,8750.372,11873.385
28.134306,-521.26855,-336.23474,220.09315,3721.5488,8732.027,11896.112
28.179884,-384.43292,-278.8636,291.18716,3699.4783,8716.534,11909.259
28.233736,-186.12181,-330.50342,463.3296,3682.4895,8700.889,11928.406
28.283838,-211.95943,-1060.5099,1603.161,3682.3162,8684.895,11953.786
28.29935,-2511.1787,-2162.5308,2012.9618,3673.1104,8664.655,11973.926
28.307089,-1973.0375,-1574.1901,1430.4817,3651.516,8648.979,11987.635
28.317429,-2033.6129,-1487.8528,1253.3066,3630.9065,8631.337,12000.441
28.328089,-1897.5338,-1231.7079,1103.3237,3608.0671,8616.811,12013.378
28.340008,-1984.836,-1227.525,906.2084,3585.175,8601.734,12025.57
28.35199,-2268.1157,-1341.1858,1003.3883,3561.7327,8586.3545,12036.244
28.36263,-1951.0668,-1360.4945,645.3409,3537.6262,8571.098,12045.524
28.374804,-1862.7196,-1334.2224,527.9205,3514.114,8554.444,12053.879
28.387562,-1520.4115,-1246.6772,472.7643,3491.0496,8536.799,12061.407
28.402397,-1458.3423,-1436.5568,168.28033,3468.7566,8517.028,12064.896
28.417004,-1318.8082,-1642.28,-355.59644,3448.6772,8494.807,12063.155
28.431047,-1300.4956,-1846.5653,-624.1144,3431.5256,8471.145,12056.382
28.443851,-1179.9406,-2013.611,-888.2054,3415.729,8447.335,12047.239
0.0,0.13925329,-0.0700457,-0.031081699,3611.5728,8790.232,11914.776
0.0,-0.016507939,-0.004433997,-0.019322712,3625.8782,8808.89,11768.6875
1162.8784,-0.026422856,-0.008261222,-0.004329941,3602.5537,8798.276,11753.088
2233.513,-0.005088124,-0.0074102716,0.012307344,3578.6128,8780.468,11756.199
4201.9565,0.006024192,-0.015963892,0.027588481,3574.2842,8765.888,11782.059
5126.7812,0.016746784,-0.022824282,0.0439672,3580.185,8752.532,11808.266
5700.476,0.065098934,-0.035690363,0.035389934,3598.2324,8735.405,11825.027
6065.243,0.18679596,0.06681275,-0.13562508,3625.1704,8727.448,11835.564
6190.08,1.2073737,0.56236875,-0.2909785,3648.784,8737.115,11819.786
6212.085,3.8069031,1.5022168,1.531289,3675.6343,8749.647,11824.479
6218.95,12.798497,-0.05910954,8.987294,3701.5745,8752.513,11839.273
6220.8687,25.770145,-2.69085,15.933317,3725.3254,8748.851,11857.23
6221.855,-21.402672,-21.824808,2.8011675,3749.2112,8741.088,11873.639
6222.832,-216.154,-144.66037,72.29338,3730.2805,8719.872,11883.205
6222.9434,-280.71863,-171.45673,195.50284,3706.9375,8705.126,11894.938
6223.0215,-126.18905,-96.775795,190.71597,3686.2178,8694.302,11913.74
6223.1426,-76.65955,-487.07135,750.59705,3685.2441,8680.185,11940.193
0.0,5.846304,3.5969493,-3.7153049,3645.376,8746.798,11837.545
3.8436022,16.27116,3.726047,5.083872,3672.9048,8758.515,11835.335
5.562864,36.060326,-1.3927215,21.42822,3700.055,8760.265,11847.977
6.2776656,59.721252,-10.458424,36.49803,3724.8074,8756.941,11864.598
6.701586,-106.29739,-62.727207,11.336237,3747.1199,8748.945,11882.989
6.943629,-460.5548,-290.75952,174.9337,3725.1191,8731.129,11892.915
6.996071,-375.7885,-267.71335,281.8299,3702.5215,8715.816,11905.36
7.051558,-213.55682,-302.08588,434.14606,3685.1318,8700.403,11924.335
7.1041536,-187.16785,-952.5728,1447.2699,3683.324,8684.9375,11949.978
7.1213684,-2473.269,-2431.4062,2164.3748,3675.7747,8665.045,11971.126
7.1287065,-2049.685,-1605.3289,1431.1492,3654.4626,8649.637,11985.5625
7.1388044,-2332.434,-1764.5846,1451.2853,3633.8467,8632.051,11998.436
7.1479926,-2241.266,-1403.0747,1213.0632,3611.475,8617.172,12011.782
0.0,-0.008784975,0.019864956,0.015167431,3541.7434,8805.476,11905.148
0.0,3.6560407,0.08123111,-0.9296024,3640.6516,8790.507,11831.555
7.950712,7.7229667,-0.5466215,3.4825227,3670.1155,8787.516,11836.343
11.484505,19.44367,-3.0814595,11.263625,3695.596,8784.141,11851.814
12.807206,42.1636,-10.532463,27.856634,3718.6448,8777.214,11869.725
13.388369,16.645893,-11.069825,25.232227,3742.7224,8771.014,11886.512
14.320292,121.646576,-33.816086,87.69942,3713.423,8764.802,11884.79
14.515441,-348.18753,-265.80493,194.943,3706.7324,8745.231,11906.5205
14.578011,-259.23523,-187.35745,125.073364,3685.2092,8728.501,11919.044
14.665362,-42.81856,42.476562,-64.911446,3656.6257,8719.397,11918.694
15.003937,-28.203382,30.575932,-43.01901,3644.5884,8734.0205,11895.429
15.505264,-4.9480467,13.418437,-20.126837,3632.693,8749.621,11872.733
16.7203,7.4572616,5.8300056,-7.462153,3636.4045,8766.094,11847.937
19.209232,22.935518,4.157789,3.3291523,3664.7246,8774.265,11842.351
20.483341,48.93341,-2.226432,23.73122,3692.1372,8774.506,11854.536
21.03451,80.68167,-16.87377,51.13597,3717.2012,8769.797,11870.335
21.343786,-16.534039,-41.333817,46.46959,3740.5798,8763.144,11887.919
21.809965,-58.258095,-107.04367,109.41624,3713.7312,8750.67,11892.772
21.993137,-179.53343,-98.06597,66.84306,3691.9607,8734.222,11905.242
22.132534,-26.134615,85.74452,-118.32038,3664.449,8736.701,11893.54
22.334633,54.340008,41.862118,-34.404743,3668.3445,8755.353,11870.368
22.725565,123.15227,5.678011,42.70214,3697.2122,8763.411,11871.68
22.955505,58.6311,-61.486683,96.33482,3723.05,8759.584,11886.436
23.189064,-30.168118,-41.816135,43.584724,3698.3325,8744.841,11894.9
23.633408,-62.17504,83.9091,-122.79735,3672.7834,8731.625,11903.421
23.819511,47.66116,62.08222,-62.392826,3670.3857,8749.733,11879.623
24.119232,130.45255,8.206294,41.461533,3697.5652,8761.575,11875.034
24.338005,-18.180967,-92.700226,105.40065,3722.9785,8757.108,11890.339
24.549961,-142.64902,-109.762566,87.57409,3699.357,8741.605,11900.422
24.699837,-78.742744,76.75667,-119.00845,3672.7576,8729.474,11907.152
24.884983,25.101915,70.1581,-81.08181,3666.6763,8746.772,11883.408
25.157413,109.05706,19.686295,18.797117,3688.6233,8762.926,11870.862
25.42431,112.940186,-38.116154,89.76707,3715.8918,8761.607,11883.299
25.625357,-197.94365,-158.09189,125.530174,3702.3745,8742.158,11901.711
25.731468,-130.80457,4.505703,-49.82715,3678.6377,8727.237,11912.386
25.945683,4.4559646,82.04425,-101.99804,3667.2434,8742.871,11889.456
26.174732,95.41066,30.035723,-0.59164935,3682.2395,8761.398,11871.238
26.474648,132.53705,-22.858004,79.05378,3710.4685,8762.361,11881.348
26.666946,-551.25165,-363.46445,239.341,3717.5537,8745.215,11904.923
26.709661,-492.93057,-426.45645,344.198,3695.721,8728.761,11917.275
26.750362,-154.97853,-326.35858,340.00833,3678.7957,8710.519,11934.031
26.810831,-213.53387,-929.3582,1411.2184,3679.05,8691.448,11957.188
26.828445,-2761.9075,-2858.8733,2276.6165,3672.3496,8672.926,11979.816
26.834993,-2436.6785,-1983.934,1718.5488,3651.024,8657.122,11993.798
26.84337,-2679.8704,-1940.8365,1658.8823,3630.3674,8640.626,12007.981
26.851475,-2410.721,-1530.6771,1338.8916,3607.1863,8626.467,12020.716
26.860987,-3024.8452,-1846.3285,1413.6395,3584.2583,8611.8955,12033.443
26.86885,-2939.2048,-1744.0427,1187.861,3560.3303,8597.443,12044.332
26.877142,-2077.557,-1452.9152,1053.9156,3536.4614,8582.508,12054.687
26.88807,-2112.8843,-1432.3442,712.70886,3513.0479,8566.151,12063.867
26.899387,-1839.4883,-1353.7959,530.95233,3489.2322,8549.525,12071.375
26.912182,-1717.9792,-1549.2253,176.83969,3466.1492,8531.142,12076.78
26.925114,-1401.2875,-1643.3595,-201.82199,3445.2068,8509.662,12076.545
26.938944,-1171.8374,-1759.7534,-476.5314,3427.2866,8486.066,12071.843
26.952785,-1022.42615,-1714.4913,-819.63544,3412.3787,8462.409,12060.976
26.966688,-1279.8448,-2329.0342,-1057.0092,3398.356,8438.18,12050.192
26.977177,-1227.8245,-2365.389,-1196.6506,3385.4275,8413.532,12038.996
26.987446,-708.6989,-1843.1514,-819.0483,3372.9746,8389.084,12026.863
27.00148,-1811.0231,-2724.547,-1753.812,3360.9397,8364.272,12015.051
27.009562,-2188.5874,-3269.5642,-2004.1499,3347.7083,8341.03,12001.459
27.016356,-2456.5547,-3351.7253,-2399.408,3331.812,8318.996,11988.737
0.0,0.07130052,-0.05640246,-0.1317231,3635.758,8813.802,11816.109
0.0,0.025295071,-0.1177689,-0.17793246,3617.6304,8791.989,11795.733
139.619,-0.037648845,-0.09994625,0.044116862,3607.7566,8769.817,11778.101
399.23535,0.16876,-0.1755145,0.17502058,3608.8076,8750.382,11800.929
499.28125,0.86587024,0.17150451,-0.08528724,3633.6736,8741.526,11815.187
533.11066,1.8039412,0.72870713,0.58040136,3661.8142,8751.91,11814.659
547.88684,8.076471,0.3360146,4.733814,3686.228,8759.549,11830.332
551.08936,23.669474,-3.3188386,17.562912,3709.9097,8757.258,11848.605
552.1008,28.073515,-6.7653046,17.935217,3735.3743,8753.101,11863.911
552.98334,-336.02744,-146.7939,-7.9439344,3748.399,8735.395,11884.329
553.0651,-510.48975,-316.5029,210.49323,3723.7556,8719.65,11891.023
553.1123,-323.04214,-219.03265,290.84738,3701.478,8704.997,11904.771
553.17395,-146.20119,-304.55408,517.5197,3686.3533,8691.098,11926.636
553.2225,-176.61105,-880.21185,1256.7383,3684.2136,8675.086,11951.915
0.0,-2.2278721,1.7102032,-1.9008237,3615.2617,8758.399,11892.561
8.846003,-0.24932064,0.738113,-2.2680469,3604.6387,8769.925,11866.98
21.35577,0.8100334,0.03863442,-1.380624,3608.9004,8773.919,11837.555
40.091984,1.6472603,0.09666099,-0.6384235,3630.6396,8774.111,11816.882
57.047916,3.1897256,0.13680352,1.3190141,3660.623,8775.009,11817.325
65.7325,8.058361,-1.0324849,5.2104,3685.4692,8773.263,11834.047
0.0,5.1782107,4.6949577,-6.750948,3650.81,8734.447,11841.769
3.0871813,12.461782,4.0673337,3.2587981,3675.9797,8749.337,11835.076
5.3081303,38.688923,-0.3902546,22.230993,3702.3984,8751.762,11849.083
5.980431,52.835278,-9.65088,35.029705,3727.8582,8748.809,11864.674
6.4482803,-366.262,-187.62294,38.39163,3741.8088,8731.997,11885.234
6.5208654,-486.30585,-313.59665,248.1893,3718.1326,8715.744,11893.911
6.5685124,-295.95508,-202.83678,299.54727,3696.8884,8701.382,11909.48
6.6326976,-67.26261,-311.01956,546.0051,3684.5146,8687.434,11932.983
0.0,0.015739873,-0.030812148,0.09241385,3628.325,8731.362,11794.464
0.0,-0.18005311,0.05755924,-0.5704533,3607.0793,8744.462,11874.23
49.92039,0.36405534,-0.013997949,-0.6658135,3613.6934,8738.55,11845.572
89.447495,2.3675447,1.2320584,-1.5987147,3638.0168,8742.601,11828.485
99.090294,6.43899,2.2593117,1.633029,3665.3547,8754.471,11825.06
103.365906,12.114231,-0.114402786,7.4568396,3691.6458,8758.283,11838.997
105.474754,39.558754,-5.6237073,25.941309,3716.4087,8756.107,11855.792
106.10449,25.595695,-13.5177765,23.99153,3741.472,8751.552,11871.638
106.90245,84.76765,-9.837176,42.485405,3714.5723,8738.466,11869.366
107.217155,-365.0118,-237.6081,187.7679,3716.677,8717.363,11890.585
107.2804,-241.60205,-141.59258,211.607,3694.7446,8703.3955,11905.547
107.365875,-6.0793653,-46.00875,72.915504,3677.9214,8692.219,11927.7295
0.0,0.0052467845,-0.0046776384,0.00046189575,3571.2097,8771.171,11744.555
4258.7524,-1.8940913e-05,-0.014689036,0.028263256,3577.7502,8764.233,11772.999
5200.594,0.026173836,-0.03975863,0.0758559,3584.824,8751.751,11799.346
5535.5874,0.13914438,-0.08119141,0.07878407,3600.63,8739.784,11821.862
5702.8745,0.57894695,0.15715475,-0.23818305,3629.032,8732.241,11827.896
5749.3535,1.5411243,0.7024068,0.018964669,3654.2449,8743.5205,11816.188
5767.066,5.3692145,1.2267967,2.9413927,3679.8293,8755.267,11826.556
5771.8706,15.555553,-1.3227067,11.3702545,3705.0154,8754.852,11842.85
5773.424,29.621897,-4.2341666,19.448765,3729.343,8750.802,11859.931
5774.2646,-70.67247,-36.77354,-7.1879225,3751.8953,8741.34,11877.305
5774.6396,-604.61847,-334.93076,160.77899,3733.0906,8720.242,11887.367
5774.6816,-435.90875,-288.74847,315.28748,3709.6729,8705.401,11898.828
5774.731,-224.13118,-259.94272,442.18655,3690.7622,8692.996,11918.539
5774.7847,-213.63222,-964.23987,1396.9802,3687.6755,8678.817,11944.796
0.0,-1.7204814,30.574932,-27.285044,3641.4077,8771.154,11894.301
0.7314332,19.528954,6.9980564,-7.403548,3652.3582,8791.738,11875.423
2.0934308,45.49479,0.5002219,12.611274,3682.2856,8793.807,11875.697
2.7288487,74.687645,-15.05563,39.551044,3709.2197,8789.654,11888.239
3.0783195,2.3517635,-24.988781,49.056076,3733.616,8783.913,11904.728
3.6227431,26.66659,-54.88597,77.116486,3705.483,8774.881,11909.919
3.9278107,-69.83004,-16.968708,-16.53979,3682.9082,8758.444,11920.883
4.33464,78.7947,45.112103,-22.30613,3675.3774,8776.789,11898.371
4.655514,102.862495,-24.500736,63.94183,3704.725,8780.157,11903.604
4.898291,-207.6227,-173.537,101.91398,3694.72,8762.0205,11925.305
5.002043,-105.7766,4.2217474,-66.2021,3671.3628,8744.34,11931.772
5.242318,-10.286649,80.44444,-83.2527,3659.0813,8761.11,11910.141
5.500439,57.332962,30.278288,-15.631475,3667.483,8783.1455,11891.598
5.9502497,109.958084,-5.797988,38.9124,3697.0154,8787.095,11895.095
6.207134,-5.8814387,-54.234676,86.04639,3722.48,8781.343,11909.875
6.501591,-72.36165,-83.86451,65.28698,3696.959,8768.065,11918.383
6.734916,-87.53037,20.392916,-69.30935,3673.931,8750.606,11926.4375
6.9992437,34.222267,70.5893,-59.41231,3665.9878,8769.293,11904.354
7.3041015,111.65235,7.7584343,25.674799,3691.3105,8783.642,11897.082
7.5653605,-17.610186,-70.54876,94.50818,3717.5713,8778.853,11910.773
7.816946,-114.494225,-99.117256,61.26572,3693.5679,8763.783,11920.608
8.000589,-64.18622,75.22202,-108.155426,3667.4612,8749.187,11922.928
8.205302,30.2308,66.8613,-56.843258,3662.7988,8769.125,11901.003
8.52851,104.37912,11.835057,18.711954,3687.3416,8784.127,11892.482
8.809669,79.84788,-41.266342,83.71504,3714.701,8780.811,11904.335
9.053911,-22.567219,-32.14871,24.313053,3691.1157,8766.806,11916.483
9.703338,-39.641186,89.23498,-107.87665,3664.4473,8753.131,11917.832
9.909516,47.019524,53.05995,-39.00202,3664.625,8774.347,11896.622
10.2802725,113.562126,3.1800044,31.375948,3692.9219,8784.01,11894.188
10.534812,5.991276,-62.38393,92.691086,3719.051,8779.081,11908.081
10.802934,-72.17432,-73.28335,52.30601,3694.2136,8764.968,11917.242
11.062915,-59.751114,74.3687,-105.69458,3668.5208,8749.93,11920.948
11.273618,42.847107,64.50238,-51.85578,3665.5806,8770.215,11899.042
11.595521,117.64177,5.2242455,31.038296,3692.64,8782.239,11894.227
11.841867,-15.386951,-72.83651,97.58339,3718.6624,8777.381,11908.341
12.086292,-112.32546,-99.906746,65.78214,3694.514,8762.468,11918.061
12.269118,-70.618355,69.603004,-106.35356,3668.7832,8747.492,11921.755
12.475439,30.928429,69.92026,-61.275993,3663.5596,8767.068,11899.631
12.781623,109.363434,12.218994,20.665962,3687.9182,8782.217,11890.846
13.049557,72.77239,-46.040264,87.55791,3715.151,8778.931,11902.994
13.29384,-23.759918,-32.64774,24.9112,3691.2634,8764.738,11914.308
13.926158,-38.42749,92.67446,-111.58689,3664.1362,8751.955,11915.146
14.126083,49.560852,52.877125,-39.35402,3664.7874,8773.091,11893.865
14.48986,118.13398,3.0623488,33.728985,3693.2627,8782.338,11891.956
14.733974,11.635505,-64.23582,95.346504,3719.2893,8777.55,11906.088
14.993595,-69.02566,-71.7412,52.632008,3694.4282,8763.463,11915.225
15.259996,-61.228775,76.367744,-108.52232,3668.7039,8748.596,11919.373
15.465274,43.91548,65.62636,-53.68453,3665.7656,8768.744,11897.341
15.779458,121.214836,5.5169377,32.465908,3692.7605,8780.8545,11892.381
16.018295,-6.0121818,-72.52306,99.164696,3718.7795,8776.193,11906.567
16.262196,-102.10251,-92.32546,62.705425,3694.4697,8761.44,11916.127
16.460524,-65.50239,77.80954,-111.92311,3668.2915,8747.142,11919.328
16.658892,36.525593,67.90561,-58.62248,3664.2407,8766.954,11897.169
16.968616,116.06079,10.0503025,25.87154,3689.8994,8780.751,11890.007
17.220013,54.23383,-53.611107,92.313194,3716.7644,8777.176,11902.871
17.47056,-26.740583,-36.328644,28.936687,3692.042,8763.267,11912.636
18.03034,-44.178383,93.268776,-116.329056,3665.3162,8749.814,11914.822
18.223253,49.492226,57.197506,-44.389763,3665.1162,8770.589,11893.18
18.565325,121.32232,3.9304938,34.582302,3693.269,8780.613,11890.547
18.803013,13.819998,-66.58698,97.97982,3719.292,8776.033,11904.754
19.054546,-72.980446,-74.04911,54.423626,3694.489,8761.85,11913.899
19.310188,-61.47635,80.78106,-113.01123,3668.476,8747.408,11917.742
19.507675,43.866722,65.84646,-55.001865,3665.6345,8767.464,11895.613
19.819008,121.52507,6.2519307,32.39009,3692.563,8779.653,11890.488
20.05725,11.976086,-68.888885,99.50257,3718.676,8775.22,11904.575
20.303932,-81.25524,-77.13042,54.575546,3694.0945,8760.775,11913.908
20.544664,-56.020264,88.631516,-118.276794,3667.3215,8747.423,11916.129
20.734465,45.374825,63.621025,-52.642513,3665.2847,8767.656,11894.073
21.052862,121.437164,6.190884,32.617203,3692.4863,8779.421,11889.419
21.291159,24.068295,-65.419846,98.68655,3718.7078,8775.16,11903.357
21.539457,-62.12776,-64.14982,47.9313,3693.9077,8760.981,11912.518
21.835453,-51.754,90.88947,-118.95177,3667.122,8747.682,11914.897
22.024853,50.01286,61.87504,-49.845394,3666.057,8768.075,11892.921
22.344393,124.31412,4.000035,36.363186,3693.9128,8778.736,11889.698
22.575901,-11.034149,-78.57943,103.45878,3719.5928,8773.852,11904.418
22.805988,-115.37863,-103.478775,72.006424,3695.389,8758.971,11914.048
22.981535,-77.0712,69.82715,-109.747826,3669.7336,8744.175,11918.83
23.179953,30.973877,73.33718,-67.50059,3664.0334,8763.278,11896.412
23.467379,114.10059,14.095845,21.41589,3687.9272,8778.741,11886.927
23.72391,85.272224,-46.63243,92.141426,3715.0952,8775.819,11899.311
23.947914,-38.999477,-41.95278,31.42905,3692.1443,8760.842,11911.514
24.40708,-30.137697,95.75183,-113.56181,3663.9038,8750.915,11909.53
24.605011,60.77807,48.69037,-33.725792,3667.2893,8772.002,11888.462
24.958511,127.31784,-1.4974538,43.607357,3696.4407,8778.992,11889.617
25.181416,-45.74173,-88.84902,105.96073,3721.3525,8773.309,11905.337
25.387386,-172.57257,-148.11649,101.63071,3697.5652,8758.038,11915.384
25.507822,-114.79187,14.787052,-70.82619,3673.844,8741.473,11923.314
25.728912,8.163818,84.146286,-86.61669,3662.9924,8758.476,11901.107
25.976772,94.60055,26.188185,0.85799545,3679.4424,8778.055,11885.422
26.282389,124.90595,-25.371193,74.13244,3707.953,8777.921,11894.756
26.485851,-538.07355,-353.2959,223.66966,3714.5605,8762.002,11919.31
26.529875,-503.08096,-495.40225,325.1634,3692.929,8744.536,11930.58
26.56847,-159.65141,-422.27194,313.52512,3676.7678,8723.451,11944.517
26.62305,-232.18254,-1325.7574,1631.9818,3678.828,8700.385,11963.588
26.637232,-2399.3003,-2967.4746,2665.241,3670.9004,8681.696,11985.676
26.643677,-2444.2078,-2009.8912,1712.5675,3650.4543,8664.555,11999.394
26.652016,-2642.774,-2055.9578,1783.9972,3630.04,8648.5,12014.409
26.659922,-2337.9897,-1380.8859,1195.8733,3606.7168,8633.868,12026.323
26.670034,-2959.6255,-1998.2336,1492.1598,3584.0854,8619.434,12039.72
26.677786,-3116.886,-1872.489,1309.7074,3560.2014,8604.785,12050.442
26.685547,-2169.0188,-1366.2336,1088.2952,3536.0674,8590.351,12060.892
26.69632,-2617.314,-1778.7068,1048.2915,3514.0415,8573.75,12072.693
26.705318,-2432.725,-1724.8497,751.03864,3490.128,8557.69,12081.074
26.715075,-1939.0614,-1612.1526,280.74347,3466.215,8540.504,12086.802
26.726898,-1616.2421,-1912.6237,-100.34508,3444.855,8519.452,12087.546
26.738869,-1477.3032,-2026.7667,-545.6815,3426.2495,8496.294,12083.356
26.750557,-1352.1183,-2323.9014,-1032.6588,3410.5176,8472.14,12075.046
26.760973,-1805.6451,-2897.2683,-1389.0221,3398.2317,8447.083,12064.036
26.769114,-1725.1348,-3419.8628,-1719.6832,3385.2258,8422.829,12052.094
26.776258,-1893.6967,-3679.9998,-1837.0771,3372.8552,8398.489,12039.664
26.782883,-1929.5486,-3802.8298,-1922.3824,3361.3782,8372.832,12029.176
26.789297,-2174.431,-4238.536,-2289.9353,3348.0469,8350.463,12014.28
26.794973,-3611.8062,-4269.342,-2849.0789,3334.038,8327.622,12000.787
26.799753,-2673.4421,-3665.2292,-2597.0,3317.7412,8307.215,11986.023
26.805492,-3121.169,-4280.7983,-3232.6475,3303.3174,8286.056,11970.3955
26.810326,-3133.3572,-3112.794,-2585.7249,3286.035,8267.319,11954.575
26.816187,-2574.493,-3542.1663,-2466.8728,3269.8733,8247.179,11939.307
26.822157,-3011.1401,-4540.8755,-2933.9185,3256.085,8224.786,11924.868
26.827003,-2802.6218,-3760.7332,-2636.716,3240.4114,8203.996,11909.965
26.83258,-3384.7942,-4513.1353,-2114.6516,3224.0298,8181.7324,11898.304
26.837559,-4161.567,-4156.1973,-1539.6187,3205.8074,8160.152,11888.193
0.0,-0.81408954,0.4418601,-1.4044479,3619.228,8734.4795,11877.864
0.0,0.65082675,-0.26108986,0.044620886,3652.483,8792.29,11810.49
-42.69476,0.74019575,-0.13873498,-0.739136,3628.534,8801.784,11825.862
-71.12524,0.33593404,0.18854707,-1.5893048,3615.7417,8803.438,11852.948
-89.4702,-0.23837914,2.3277655,-3.062898,3620.055,8794.658,11881.308
-97.25344,-4.697198,8.389006,-6.5560727,3627.314,8772.672,11900.385
0.0,0.6871859,-0.14911507,-0.7691927,3607.046,8757.113,11835.999
-28.786106,0.09225911,-0.13299283,-0.88823134,3595.2383,8766.749,11861.84
-62.0139,0.12248615,-0.19819975,-0.30012584,3594.528,8772.067,11891.355
-140.97179,0.00884648,-0.19214249,0.06070387,3578.2456,8795.919,11899.4795
-289.70923,-0.43360153,-0.050152205,0.0036293555,3596.036,8811.263,11880.823
-358.4366,-0.71964943,0.68375885,-0.72092444,3622.2703,8805.516,11894.192
-382.88953,-0.21369073,0.9679816,-0.2208137,3624.948,8781.087,11911.398
-412.42917,-6.783969,9.975225,-8.978436,3643.0066,8763.879,11928.065
0.0,0.03682167,-0.06788192,-0.023757888,3574.8867,8768.648,11884.013
-371.29886,-0.030750949,-0.039047834,0.034783766,3567.7644,8796.408,11875.145
-865.81647,-0.17267907,-0.022109162,-0.070422575,3591.6543,8812.451,11866.664
-1025.5668,-0.5414522,0.256369,-0.3960074,3616.84,8814.058,11882.884
-1067.3417,-0.31914437,1.2270167,-0.8179301,3628.2751,8796.803,11904.599
-1087.2252,-2.1591556,2.1732538,-2.041856,3628.1282,8768.568,11914.736
0.0,0.6071096,1.347528,-2.9772112,3619.3784,8796.692,11865.743
-9.025587,-1.9373657,5.9918075,-5.527237,3622.2598,8779.189,11889.9375
-12.606022,-14.675304,19.781786,-19.803104,3636.8516,8759.006,11906.661
-13.555253,-23.465912,28.998068,-37.791134,3649.8396,8742.15,11927.809
-14.120214,-17.426643,-37.32684,-1.5748132,3663.9128,8727.009,11949.55
-14.847937,-218.74066,-255.30708,108.29186,3681.43,8750.868,11944.66
-14.932873,-319.10858,-249.87405,144.23041,3701.9136,8770.458,11934.829
-15.002608,-173.95297,-69.75217,74.115,3725.667,8785.435,11924.271
-15.151463,-89.36089,1.4567469,-12.712587,3754.1194,8789.617,11915.729
0.0,0.5863228,-0.22554527,-0.38449314,3606.8867,8758.8955,11825.119
-40.731403,0.09632694,-0.24232094,-0.553721,3590.9082,8777.074,11842.845
-89.747,-0.22532591,-0.13173868,-0.52145565,3592.0796,8788.729,11870.465
-141.19333,-0.6106519,0.8001669,-0.9660921,3611.4607,8790.102,11893.322
-162.6961,-2.1006713,1.8207655,-1.409624,3622.8997,8765.706,11906.514
0.0,25.962643,10.784633,-3.9670045,3661.6758,8760.617,11846.561
-1.0566366,2.1908264,15.327573,-24.690458,3642.1924,8745.128,11863.308
-2.08602,-30.639364,43.437435,-68.28124,3650.6196,8731.146,11888.478
-2.4327097,-62.35284,59.051556,-86.120224,3662.9314,8717.018,11911.903
-2.6793778,-460.61578,-474.96524,498.91193,3691.7808,8714.896,11919.8545
-2.715581,-674.8224,-469.67078,349.9306,3712.8704,8730.471,11905.271
-2.749155,-616.3804,-290.43356,99.10716,3737.3806,8745.319,11896.397
-2.7927248,-730.07605,-91.80207,-186.70892,3766.0393,8753.932,11898.523
-2.832243,-1243.9629,5.2924705,-474.74683,3794.415,8754.4375,11908.247
-2.8547742,-2639.2075,-203.49568,-806.9947,3822.0786,8754.177,11919.852
-2.8656151,-2421.8152,-883.2589,-19.147303,3851.3433,8760.483,11921.804
-2.8772523,-2634.9092,-1212.7157,345.9457,3879.4304,8770.945,11920.515
0.0,-0.0038056152,-0.011597582,0.008108515,3581.7039,8791.119,11765.522
-2047.2468,-0.037476074,-0.00114519,-0.011725126,3606.688,8805.39,11774.017
-2810.913,0.0008886663,-0.019519376,-0.09069802,3623.1875,8812.399,11798.071
-3134.2625,0.057578273,-0.025517056,-0.22871299,3616.6455,8815.814,11827.149
-3260.7244,-0.08941725,-0.012467506,-0.25036433,3616.9382,8821.823,11856.54
-3373.4448,0.034809794,0.16439159,-0.4105929,3635.9617,8818.091,11879.435
-3441.0662,1.6491102,1.3020245,-1.3477522,3647.2004,8803.459,11903.091
-3453.0842,-3.3027313,12.543569,-9.809079,3643.6777,8776.873,11916.536
0.0,0.18146156,-0.25927743,-0.10583408,3598.6414,8770.152,11813.514
-89.90182,0.012710517,-0.18321395,-0.45601434,3594.107,8792.874,11832.57
-150.9261,-0.28807095,-0.040225103,-0.7055189,3598.292,8800.313,11861.331
-190.23814,-0.67439705,1.5910141,-2.0350597,3615.9902,8794.968,11884.957
-201.47511,-3.164469,4.4414396,-3.185071,3624.9878,8772.807,11903.066
0.0,0.16592008,0.2833216,-1.8648504,3603.2053,8767.298,11856.906
-15.843399,-0.7965921,0.7378229,-1.4152292,3607.7007,8761.245,11885.943
-32.661762,-8.7364435,7.954027,-9.720452,3630.6736,8748.123,11900.088
-34.622593,-19.31347,25.152344,-29.132935,3647.181,8733.917,11920.72
0.0,0.007131408,-0.15090375,-0.03172236,3576.2725,8780.635,11875.406
-194.34232,-0.23063895,-0.070339665,-0.13691352,3589.6116,8805.704,11865.732
-302.53403,-0.68840176,0.49828434,-0.8254501,3614.6865,8806.839,11882.162
-327.85654,-0.8632508,2.4706912,-1.550529,3623.1877,8786.44,11902.451
-337.71854,-8.521959,10.637574,-11.014861,3638.1782,8764.873,11916.947
-339.43042,-13.720616,15.651334,-21.999846,3650.383,8745.722,11936.55
0.0,-0.025649387,-0.1404764,-0.84813714,3595.1997,8788.296,11851.294
-34.8807,-0.54953545,0.5185342,-1.2558802,3604.8025,8789.962,11879.667
-55.349567,-1.1144555,1.4501781,-1.061115,3616.4236,8772.594,11901.191
0.0,0.017654054,-0.13923976,-0.031326238,3576.191,8778.211,11876.889
-208.61165,-0.20117256,-0.07716533,-0.053643785,3585.802,8805.143,11867.815
-343.72137,-0.6871685,0.28822628,-0.51990896,3611.7417,8808.41,11882.527
-376.73868,-0.5561585,1.7442329,-1.0905789,3623.2393,8789.863,11903.114
-390.8168,-6.683251,8.24417,-8.104853,3636.3271,8766.304,11916.292
-393.06335,-11.939304,13.995405,-20.149656,3648.9014,8746.803,11935.308
-394.1629,-18.156351,-52.65546,14.455035,3665.6,8731.625,11955.076
-394.68427,-255.56595,-363.16852,175.14426,3684.6528,8754.705,11952.999
-394.7471,-395.0896,-286.32617,152.21767,3704.8916,8774.52,11943.111
-394.8058,-370.47284,-84.88231,53.80294,3730.8154,8787.62,11935.605
-394.88394,-607.2978,6.9233603,-97.748215,3760.7727,8789.019,11936.385
-394.9327,-909.391,46.543255,-305.21378,3789.8184,8787.48,11943.732
-394.96396,-1892.0027,-0.90001017,-230.55374,3818.2092,8788.266,11953.394
0.0,0.46207044,-0.1782412,-0.41195664,3633.5574,8803.058,11818.115
-46.569744,0.44313395,-0.002033318,-1.2408541,3618.7065,8806.03,11844.012
-69.33828,-0.2437692,0.96022,-1.956154,3618.6755,8802.794,11873.837
-83.019966,-1.7654057,5.2278805,-4.0889378,3624.2776,8783.288,11895.931
-87.388176,-12.910668,17.86837,-17.910664,3638.489,8762.206,11911.854
-88.44438,-19.277811,22.776152,-31.159729,3650.4348,8744.052,11932.535
-89.13975,-22.12323,-59.299316,14.626674,3666.4875,8730.23,11953.778
-89.60157,-266.18555,-355.3822,173.14433,3684.6863,8753.743,11949.784
-89.66452,-400.30637,-290.28296,159.75294,3705.1667,8773.271,11939.825
-89.72225,-344.60925,-84.9334,59.328297,3730.881,8786.397,11931.672
-89.80562,-520.22107,11.401453,-89.530396,3760.852,8787.644,11932.12
-89.862434,-981.1199,40.179367,-338.29953,3789.482,8785.679,11940.865
-89.89132,-1974.6477,-5.5248814,-279.98267,3817.8425,8786.383,11950.62
-89.906364,-2032.883,-1051.2336,145.2354,3847.0115,8793.09,11952.671
-89.91945,-1988.4254,-909.49066,133.2075,3874.0046,8805.789,11949.492
0.0,1.0543945,4.6201825,-11.945982,3642.826,8730.793,11854.541
-2.3343346,-17.394918,18.408558,-37.044212,3649.397,8725.567,11883.343
-3.002864,-40.190876,42.84912,-62.7798,3662.0186,8712.051,11906.964
-3.3517802,-212.48251,-262.4409,379.17712,3685.2695,8701.047,11922.401
-3.4108655,-514.3093,-375.34607,368.64246,3703.3608,8716.068,11903.771
-3.4516413,-420.61035,-268.71976,159.41461,3726.0208,8731.396,11891.461
-3.5088975,-248.78114,-93.23734,-24.307882,3751.5244,8746.307,11886.239
-3.621346,-506.92838,-32.153625,-184.09285,3779.803,8750.414,11895.375
-3.676873,-741.2916,46.008347,-366.4626,3807.7375,8750.184,11906.312
0.0,-0.7193674,1.5845057,-5.096546,3630.7395,8732.11,11858.285
-5.5705786,-6.6954627,5.567621,-11.866704,3641.3494,8723.674,11885.048
-7.608773,-25.357422,26.486294,-39.977806,3656.7551,8711.3545,11907.651
-8.1617985,-20.470322,-44.40333,60.475937,3674.3223,8696.655,11927.024
-8.547556,-680.7319,-651.74255,801.56995,3701.1057,8702.792,11914.983
-8.571804,-850.27814,-540.8019,401.92172,3721.7861,8718.067,11899.524
-8.599456,-892.6303,-356.37286,18.943438,3747.5227,8731.949,11892.823
-8.630663,-1400.9447,-224.28845,-395.1687,3776.1118,8739.423,11898.001
-8.651032,-2200.5444,-132.73949,-902.33044,3804.2246,8741.998,11908.152
-8.663627,-3792.3574,-738.25726,-382.8437,3832.708,8744.793,11917.1455
-8.671354,-3322.73,-1108.44,92.23674,3861.5469,8753.053,11917.455
-8.679915,-2836.4358,-1299.8499,422.4054,3889.1335,8764.266,11913.814
-8.689444,-2549.3335,-1100.4943,208.59518,3916.384,8776.412,11910.674
-8.700217,-2912.8438,-1339.9142,257.57925,3943.4666,8789.005,11907.854
-8.709544,-2726.6326,-1317.2692,242.94649,3970.523,8801.835,11906.027
-8.7194195,-2646.718,-1321.9067,270.70486,3997.4248,8814.967,11904.0625
-8.729518,-2931.3313,-1620.4137,322.27365,4023.953,8828.793,11901.809
-8.738433,-3162.3442,-1772.388,345.73117,4050.2742,8843.109,11900.311
-8.746672,-3264.824,-1838.0938,419.95007,4076.7163,8857.182,11898.645
-8.754629,-4026.7852,-2269.2415,525.90375,4103.0977,8871.362,11896.93
-8.761078,-3451.651,-1894.8438,510.86136,4129.071,8885.913,11893.234
-8.768633,-4019.6782,-2189.1572,359.8936,4155.513,8899.789,11890.357
-8.775167,-3411.3904,-1874.8643,502.3369,4181.579,8914.254,11886.993
-8.782811,-4302.6826,-2299.0295,457.32874,4208.1147,8928.146,11885.297
-8.788934,-4770.657,-2623.5764,539.0793,4234.5864,8942.158,11883.597
-8.794416,-4728.235,-2620.8499,426.10883,4261.1323,8955.965,11881.425
-8.799949,-5131.809,-2881.8035,323.1211,4287.352,8970.387,11879.292
-8.805038,-4731.554,-2762.4136,249.90096,4313.083,8985.662,11877.159
-8.810509,-4063.3223,-2336.4143,240.75368,4338.819,9000.937,11875.067
-8.8169,-4119.3115,-2409.2563,240.11705,4364.5366,9016.244,11872.996
-8.823179,-4128.396,-2384.023,264.82098,4390.268,9031.5625,11871.204
-8.829462,-3869.613,-2256.071,255.87273,4416.0605,9046.813,11869.73
-8.836149,-3897.3687,-2280.0728,212.14984,4441.5796,9062.484,11867.947
-8.842786,-3443.1504,-2032.2891,129.98135,4467.245,9077.862,11865.75
-8.850285,-3189.0212,-1999.4114,94.57262,4493.001,9093.153,11864.071
-8.858253,-2987.5723,-1960.9874,197.65942,4518.2026,9109.304,11862.066
-8.866634,-2887.8433,-1883.5144,148.8056,4543.666,9125.11,11860.731
-8.875328,-2761.9846,-1760.7346,9.819124,4568.779,9141.48,11859.565
-8.884487,-2455.0,-1685.9734,-36.17166,4593.35,9158.632,11858.122
-8.894559,-2474.2656,-1935.4205,198.66855,4617.2427,9176.744,11857.075
-8.904091,-1841.8989,-1563.6505,128.59999,4639.981,9195.965,11853.397
-8.91649,-1962.7267,-1676.359,213.81317,4662.4204,9215.777,11851.412
0.0,0.13925329,-0.0700457,-0.031081699,3611.5728,8790.232,11914.776
-188.74289,-0.028839331,-0.023960378,0.016672388,3598.8335,8817.036,11919.169
0.0,-0.016507939,-0.004433997,-0.019322712,3625.8782,8808.89,11768.6875
0.0,5.846304,3.5969493,-3.7153049,3645.376,8746.798,11837.545
-3.8436022,-2.1017492,4.8668237,-12.393521,3635.3806,8734.746,11863.135
-6.0691686,-15.615418,14.693979,-27.267881,3646.9512,8723.49,11888.422
-6.9340086,-32.55919,34.183586,-43.29862,3660.1985,8710.03,11911.731
-7.4023366,-334.84082,-413.67123,509.9773,3687.6914,8706.754,11923.281
-7.4430366,-617.9536,-461.36032,407.7069,3706.1626,8723.011,11906.12
-7.4774275,-548.6019,-316.90448,165.1378,3729.3694,8738.515,11895.116
-7.523248,-439.67972,-105.12605,-78.61956,3756.5286,8750.961,11892.386
-7.5886283,-791.82214,-19.516607,-286.14493,3785.0127,8753.416,11901.477
-7.6242504,-1430.1965,12.331194,-593.0168,3812.6401,8752.513,11913.134
-7.643626,-2690.2576,-675.36237,-53.22729,3841.6018,8756.225,11920.022
-7.6544404,-2501.393,-980.88464,214.87051,3869.8386,8766.341,11920.611
-7.6655703,-1863.9517,-839.99097,190.02077,3896.7014,8779.137,11916.781
-7.680181,-1887.3956,-863.9695,151.99983,3923.649,8791.977,11913.787
-7.694595,-2241.801,-1099.3066,252.43962,3950.9724,8804.303,11912.57
-7.706549,-2207.949,-1130.4463,211.25249,3978.1287,8816.929,11910.803
-7.7186,-2788.5493,-1498.1774,299.06558,4004.9812,8830.218,11909.2705
-7.728035,-2816.7056,-1578.2059,223.59735,4031.2363,8844.56,11907.039
-7.737304,-2494.5544,-1417.1674,175.3772,4057.3638,8859.172,11905.082
-7.7477417,-2596.3394,-1537.186,165.99075,4083.2612,8874.023,11902.121
-7.7576694,-2229.5583,-1365.5695,314.90198,4108.929,8889.1875,11898.773
-7.7690616,-3020.8752,-1737.284,295.93182,4135.0737,8903.741,11896.616
-7.7776394,-3102.04,-1814.2509,373.4113,4161.1763,8918.282,11893.934
0.0,-0.008784975,0.019864956,0.015167431,3541.7434,8805.476,11905.148
0.0,3.6560407,0.08123111,-0.9296024,3640.6516,8790.507,11831.555
-7.950712,1.4347243,1.049874,-3.0093212,3617.7905,8787.639,11850.768
-16.533821,-1.0665435,3.8418863,-4.9906893,3615.9128,8775.125,11877.969
-21.230238,-11.222351,12.838901,-13.616356,3630.155,8756.887,11897.062
-22.60502,-21.10776,23.579313,-31.85881,3645.1533,8740.518,11917.238
-23.27309,-20.221167,16.588615,-33.382526,3659.181,8724.228,11938.163
-23.980497,-53.355072,73.85956,-98.80301,3663.6729,8751.472,11926.434
-24.203709,-376.38025,-398.60773,219.39503,3689.9844,8754.374,11940.551
-24.254513,-433.54102,-279.06055,169.48396,3711.724,8772.326,11930.299
-24.30979,-301.18796,-58.98309,39.910255,3738.0298,8784.044,11921.89
-24.406721,-482.46576,22.219292,-134.99959,3767.8843,8783.949,11924.838
-24.466543,-850.4913,39.59145,-338.58582,3795.8398,8781.719,11935.492
0.0,0.07130052,-0.05640246,-0.1317231,3635.758,8813.802,11816.109
0.0,0.025295071,-0.1177689,-0.17793246,3617.6304,8791.989,11795.733
-139.619,0.14048101,-0.12016092,-0.49790603,3609.6467,8802.304,11822.75
-196.10387,-0.09036862,-0.032413002,-0.8295357,3606.743,8807.218,11852.201
-232.02887,-0.48859155,0.93975645,-1.5927029,3619.4333,8804.365,11879.235
-247.7132,-1.8131632,4.631355,-3.187157,3624.896,8783.212,11899.794
-252.79175,-11.554513,14.93343,-15.643324,3639.392,8762.435,11915.862
-254.01524,-16.294136,18.057333,-25.151567,3651.2883,8743.924,11936.254
0.0,-2.2278721,1.7102032,-1.9008237,3615.2617,8758.399,11892.561
-8.846003,-9.312925,7.909043,-11.022207,3635.5803,8743.424,11908.774
0.0,5.1782107,4.6949577,-6.750948,3650.81,8734.447,11841.769
-3.0871813,-4.0652905,5.1591744,-17.905651,3647.573,8724.54,11869.9
-4.6601357,-22.912252,25.025173,-43.78418,3659.017,8712.589,11894.924
-5.2017293,-26.784838,7.0942864,1.7036649,3674.0374,8696.864,11915.591
-6.282392,-55.233086,29.482786,-26.700163,3687.8435,8709.376,11892.078
-6.723148,-0.27274215,-15.614939,19.34955,3710.8098,8719.863,11875.874
-7.9296265,11.200639,13.51939,-19.830866,3682.361,8718.878,11866.403
-9.062314,-31.760305,22.746494,-14.37827,3686.8965,8702.445,11891.089
-9.78299,-8.7272415,-5.9026184,6.090893,3710.4683,8709.881,11874.087
-12.248104,29.683,11.419864,0.42702377,3694.3672,8728.121,11856.536
-13.191297,-1.2169559,16.461678,-28.026606,3672.9106,8715.901,11873.573
-14.113627,-34.183167,22.105001,-11.28356,3682.075,8699.778,11897.154
-14.823812,-12.717841,4.6951447,-2.243899,3703.064,8708.007,11877.361
-17.007013,6.7312536,-12.114102,9.1097,3727.173,8721.843,11866.078
-18.815924,9.447932,3.9516628,-0.12033854,3699.8008,8725.0,11854.212
0.0,0.015739873,-0.030812148,0.09241385,3628.325,8731.362,11794.464
-304.01752,-0.033317164,-0.04585673,0.019798333,3632.1672,8749.273,11770.706
-803.6813,-0.016683007,-0.040095586,-0.076669894,3653.2148,8763.646,11786.53
-1144.1455,-0.034710184,-0.11652636,0.008758448,3623.8823,8764.265,11780.267
-1390.2465,0.31315655,-0.14041322,-0.18297577,3637.193,8783.268,11799.285
-1467.3821,0.46517769,-0.16247195,-0.68071467,3617.053,8793.016,11819.27
-1503.0822,0.19462469,0.057162937,-1.3640301,3607.5537,8796.777,11847.476
-1524.8365,-0.4929612,1.313204,-2.2712162,3611.7058,8791.428,11876.701
-1536.0748,-2.6512353,3.9274716,-3.110257,3620.5813,8772.034,11897.8
-1541.3676,-13.475014,15.005221,-16.980206,3638.1575,8754.156,11914.275
0.0,-0.18005311,0.05755924,-0.5704533,3607.0793,8744.462,11874.23
0.0,0.0052467845,-0.0046776384,0.00046189575,3571.2097,8771.171,11744.555
0.0,-1.7204814,30.574932,-27.285044,3641.4077,8771.154,11894.301
-0.7314332,-37.3933,67.604576,-79.898636,3652.039,8751.321,11914.141
-1.0013595,-73.2922,29.754152,-72.01212,3664.9517,8734.734,11935.545
-1.2818092,-50.683792,23.067795,-51.916397,3677.9026,8758.549,11922.694
-1.6758548,48.379646,-27.225903,48.6184,3698.9832,8777.567,11913.004
-2.0823905,42.38026,61.72451,-46.772743,3669.611,8773.457,11908.487
-2.4222112,-76.00611,27.923927,-73.86506,3672.1655,8752.719,11930.014
-2.6959274,1.7613341,-21.614754,21.850666,3691.463,8773.52,11920.271
-3.67041,8.105319,64.02173,-58.622814,3662.0989,8770.032,11915.213
-4.0145082,-80.53177,6.537411,-60.166325,3670.3728,8751.069,11936.937
-4.312311,-22.946999,-20.16599,8.905848,3687.8748,8773.116,11926.563
-5.255099,62.166336,22.75647,-5.701504,3676.3325,8788.928,11903.831
-5.706596,-2.3053823,58.287796,-56.4622,3658.1194,8768.687,11916.424
-6.0761294,-67.27599,23.995462,-66.581696,3667.57,8750.01,11937.914
-6.383358,-13.193724,0.3872392,-9.210791,3684.082,8773.298,11928.695
-8.247241,46.494095,-16.014093,37.98599,3705.6782,8791.555,11918.681
-8.73004,45.606155,18.562126,-6.5766172,3676.6921,8790.979,11910.969
-9.333951,-4.396501,47.268784,-47.70155,3660.6033,8769.307,11924.064
-9.779725,-68.70612,-37.485638,-24.627106,3671.1023,8752.197,11946.358
-10.145356,-72.37697,-58.682247,25.364958,3689.1453,8774.352,11937.212
-10.4560175,29.501963,-15.111507,33.932022,3707.5798,8792.999,11922.638
-11.088458,39.380566,11.973534,-3.2095857,3679.1733,8793.478,11913.002
-11.8151045,0.7396927,35.35867,-33.83393,3659.7197,8773.219,11923.543
-12.428049,-42.719524,-3.0937574,-31.386606,3668.17,8754.879,11945.7295
-12.993017,-13.167231,-4.475426,-3.2442183,3684.242,8778.561,11936.737
-15.093796,15.787877,-8.394768,19.794321,3706.0442,8796.109,11925.936
-16.218454,23.643778,8.964748,-3.1692793,3677.413,8794.97,11917.05
-17.395658,-1.4019575,26.67085,-27.106749,3660.7751,8772.907,11928.7295
-18.184021,-36.305748,-26.643093,-12.151435,3669.668,8755.412,11951.42
-18.827196,-51.234093,-41.737133,16.208454,3687.8699,8777.922,11943.546
-19.268105,-3.1745849,-12.902673,22.083605,3708.7576,8795.489,11931.093
-20.432117,12.263404,0.8300738,0.50842386,3684.253,8803.6875,11915.851
0.0,-0.81408954,0.4418601,-1.4044479,3619.228,8734.4795,11877.864
